INSERT INTO `bus` (`id`, `category`, `plate_number`, `created`, `updated`)
VALUES
  (1, 'MINI', 'RT54LK4', '2017-07-30 05:41:39', '2017-07-30 05:41:39'),
  (2, 'COACH', 'YK99XD7', '2017-07-30 05:41:52', '2017-07-30 05:41:55'),
  (3, 'MINI', 'BB76OA1', '2017-07-30 05:42:05', '2017-07-30 05:42:09'),
  (4, 'COACH', 'MK94KJ0', '2017-07-30 05:42:20', '2017-07-30 05:42:20'),
  (5, 'COACH', 'ZQ34DN5', '2017-07-30 05:42:36', '2017-07-30 05:42:41'),
  (6, 'COACH', 'XA11LP2', '2017-07-30 05:42:57', '2017-07-30 05:43:04'),
  (7, 'MINI', 'CH01AE3', '2017-07-30 05:43:26', '2017-07-30 05:43:26'),
  (8, 'MINI', 'MI50QL7', '2017-07-30 05:43:48', '2017-07-30 05:43:57'),
  (9, 'COACH', 'VX34UR9', '2017-07-30 05:44:30', '2017-07-30 05:44:30'),
  (10, 'MINI', 'BM39WT5', '2017-07-30 05:44:51', '2017-07-30 05:44:51');


INSERT INTO `customer` (`id`, `first_name`, `last_name`, `email`, `password`, `created`, `updated`)
VALUES
  (1, 'Hani', 'Logo', 'HL@gamil.com', '$2a$12$yS1BazgQLHyOtlkmJ6Pb6.hAU0tYPdk7cC7jKrcg.eSZd7E7oPHvq', '2017-07-30 06:00:46', '2017-07-30 06:01:34'),
  (2, 'Ezio', 'Monako', 'emlopaso@gmail.com', '$2a$12$yS1BazgQLHyOtlkmJ6Pb6.hAU0tYPdk7cC7jKrcg.eSZd7E7oPHvq', '2017-07-30 06:02:11', '2017-07-30 06:02:13'),
  (4, 'Mohammed', 'Kabaja', 'mohammed@gmail.com', '$2a$12$yS1BazgQLHyOtlkmJ6Pb6.hAU0tYPdk7cC7jKrcg.eSZd7E7oPHvq', '2017-07-30 06:02:11', '2017-07-30 06:02:13')
  ;


INSERT INTO `station` (`id`, `name`, `city`, `street`, `latitude`, `longitude`, `created`, `updated`)
VALUES
  (1, 'NNU', 'Nablus', 'Rafedia', 32.218385, 35.246231, '2017-07-30 05:47:34', '2017-07-30 05:50:42'),
  (2, 'Greyhound', 'Nablus', 'Downtown', 32.268602, 35.197854, '2017-07-30 05:50:05', '2017-07-30 05:50:05'),
  (3, 'Harri', 'Ramallah', 'Quds', 31.921184, 35.276354, '2017-07-30 05:51:39', '2017-07-30 05:51:39'),
  (4, 'Richmond', 'Ramallah', 'Downtown', 31.993091, 35.210928, '2017-07-30 05:53:36', '2017-07-30 05:53:46');




INSERT INTO `schedule` (`id`, `bus_id`, `departure_station_id`, `arrival_station_id`, `arrival_time`, `departure_time`, `price`, `created`, `updated`)
VALUES
  (1, 1, 2, 1, '2016-11-23 09:00:00', '2016-11-23 09:05:00', 30, '2017-07-30 05:55:22', '2017-07-30 05:56:46'),
  (2, 2, 2, 1, '2016-11-23 10:00:00', '2016-11-23 10:10:00', 25, '2017-07-30 05:55:22', '2017-07-30 05:59:02'),
  (3, 3, 2, 1, '2016-11-23 11:00:00', '2016-11-23 11:05:00', 30, '2017-07-30 05:55:22', '2017-07-30 05:59:47'),
  (4, 5, 3, 4, '2017-07-30 10:00:00', '2017-07-30 10:05:00', 40, '2017-07-30 06:05:58', '2017-07-30 06:05:58'),
  (5, 6, 3, 4, '2017-07-30 12:00:00', '2017-07-30 12:05:00', 35, '2017-07-30 06:06:38', '2017-07-30 06:06:38'),
  (6, 7, 3, 4, '2017-07-30 18:00:00', '2017-07-30 18:05:00', 35, '2017-07-30 06:06:38', '2017-07-30 06:06:38'),
  (7, 8, 4, 3, '2017-07-30 20:00:00', '2017-07-30 20:03:00', 30, '2017-07-30 06:08:52', '2017-07-30 06:08:52'),
  (8, 5, 4, 3, '2017-07-30 21:10:00', '2017-07-30 21:13:00', 30, '2017-07-30 06:08:52', '2017-07-30 06:08:52'),
  (9, 5, 3, 4, '2017-07-31 10:00:00', '2017-07-31 10:05:00', 40, '2017-07-30 06:05:58', '2017-07-30 06:05:58'),
  (10, 6, 3, 4, '2017-07-31 12:00:00', '2017-07-31 12:05:00', 35, '2017-07-30 06:06:38', '2017-07-30 06:06:38'),
  (11, 7, 3, 4, '2017-07-31 18:00:00', '2017-07-31 18:05:00', 35, '2017-07-30 06:06:38', '2017-07-30 06:06:38'),
  (12, 8, 4, 3, '2017-07-31 20:00:00', '2017-07-31 20:03:00', 30, '2017-07-30 06:08:52', '2017-07-30 06:08:52'),
  (13, 5, 4, 3, '2017-07-31 21:10:00', '2017-07-31 21:13:00', 30, '2017-07-30 06:08:52', '2017-07-30 06:08:52');


INSERT INTO `reservation` (`id`, `customer_id`, `schedule_id`, `created`, `updated`)
VALUES
  (1, 1, 1, '2017-07-30 06:02:36', '2017-07-30 06:02:36'),
  (2, 1, 3, '2017-07-30 06:02:41', '2017-07-30 06:02:41'),
  (3, 2, 3, '2017-07-30 06:03:10', '2017-07-30 06:03:10'),
  (5, 2, 5, '2017-07-30 06:11:37', '2017-07-30 06:11:37');
